id,image,product_id
0,https://images-na.ssl-images-amazon.com/images/I/31SjFTtzjsL.jpg ,0
1, https://images-na.ssl-images-amazon.com/images/I/31U86mt4%2BiL.jpg ,1
2, https://images-na.ssl-images-amazon.com/images/I/310OWmw49AL.jpg ,2
3, https://images-na.ssl-images-amazon.com/images/I/51Cx5dpvA-L.jpg ,3
4, https://images-na.ssl-images-amazon.com/images/I/41pL5MyavxL.jpg ,4
5, https://images-na.ssl-images-amazon.com/images/I/512r7OlVjEL.jpg ,5
6, https://images-na.ssl-images-amazon.com/images/I/41%2BAdwuv0lL.jpg ,6
7, https://images-na.ssl-images-amazon.com/images/I/511KblFCLOL.jpg ,7
8, https://images-na.ssl-images-amazon.com/images/I/41qwc6VoA7L.jpg ,8
9, https://images-na.ssl-images-amazon.com/images/I/515PxZjnsLL.jpg ,9
10, https://images-na.ssl-images-amazon.com/images/I/51fCKAmDKZL.jpg ,10
11, https://images-na.ssl-images-amazon.com/images/I/31SzTr6zAqL.jpg ,11
12, https://images-na.ssl-images-amazon.com/images/I/213nhtnFvXL.jpg ,12
13, https://images-na.ssl-images-amazon.com/images/I/31dBCDuSOoL.jpg ,13
14,[https://m.media-amazon.com/images/I/81CVA3whKLL._SY355_.jpg],14
15, https://images-na.ssl-images-amazon.com/images/I/51go2sFOuYL.jpg ,15
16, https://images-na.ssl-images-amazon.com/images/I/31vfj7U7AoL.jpg ,16
17, https://images-na.ssl-images-amazon.com/images/I/41DENlVR68L.jpg ,17
18, https://images-na.ssl-images-amazon.com/images/I/41xOch4Q8aL.jpg ,18
19, https://images-na.ssl-images-amazon.com/images/I/3106KnfaHNL.jpg ,19
20, https://images-na.ssl-images-amazon.com/images/I/41MR--aEkHL.jpg ,20
21, https://images-na.ssl-images-amazon.com/images/I/519fxl1iLfL.jpg ,21
22,https://m.media-amazon.com/images/I/71X4QmtxdzL._SL1300_.jpg,22
23, https://images-na.ssl-images-amazon.com/images/I/411MOQVDcqL.jpg ,23
24, https://images-na.ssl-images-amazon.com/images/I/51xsH2Ye41L.jpg ,24
25, https://images-na.ssl-images-amazon.com/images/I/41c55J6yVjL.jpg ,25
26, https://images-na.ssl-images-amazon.com/images/I/51LazA8qnzL.jpg ,26
27, https://images-na.ssl-images-amazon.com/images/I/41QbCpalc3L.jpg ,27
28, https://images-na.ssl-images-amazon.com/images/I/31nFrmYOIoL.jpg ,28
29, https://images-na.ssl-images-amazon.com/images/I/51F7FJhtQsL.jpg ,29
30, https://images-na.ssl-images-amazon.com/images/I/51J5U1MyjNL.jpg ,30
31, https://images-na.ssl-images-amazon.com/images/I/31iX42SeTHL.jpg ,31
32, https://images-na.ssl-images-amazon.com/images/I/41MGOvL7kIL.jpg ,32
33, https://images-na.ssl-images-amazon.com/images/I/41xSn89msoL.jpg ,33
34, https://images-na.ssl-images-amazon.com/images/I/51qh6IGmY3L.jpg ,34
35,[https://m.media-amazon.com/images/I/51hpC3HXjHL._AC_.jpg],35
36, https://images-na.ssl-images-amazon.com/images/I/51eXI2Hep6L.jpg ,36
37, https://images-na.ssl-images-amazon.com/images/I/51wV3J2hQQL.jpg ,37
38,[https://encrypted-tbn0.gstatic.com/images?q=tbn:ANd9GcRPIU2_M0ZGvfuMxo195xIxCRHdeQ7tdti8Cj9bJ_iDFSff1k5_oTzSPbDKaZvF3XeZM04&usqp=CAU],38
39, https://images-na.ssl-images-amazon.com/images/I/41vobrnXEjL.jpg ,39
40, https://images-na.ssl-images-amazon.com/images/I/41nfpj1bG4L.jpg ,40
41, https://images-na.ssl-images-amazon.com/images/I/51Ji34KSs6L.jpg ,41
42, https://images-na.ssl-images-amazon.com/images/I/41RQxvXGL8L.jpg ,42
43, https://images-na.ssl-images-amazon.com/images/I/31Jpxmb8mBL.jpg,43
44, https://images-na.ssl-images-amazon.com/images/I/41gYLyVOC0L.jpg ,44
45, https://images-na.ssl-images-amazon.com/images/I/31ZVi3y3iCL.jpg,45
46, https://images-na.ssl-images-amazon.com/images/I/51TBSdcXsZL.jpg,46
47, https://images-na.ssl-images-amazon.com/images/I/41r1FN5okoL.jpg,47
48, https://images-na.ssl-images-amazon.com/images/I/41Z%2BBgsSg3L.jpg,48
49, https://images-na.ssl-images-amazon.com/images/I/51C%2B4PvMKwL.jpg,49
50, https://images-na.ssl-images-amazon.com/images/I/51p5LVLFwiL.jpg,50
51, https://images-na.ssl-images-amazon.com/images/I/51NMn3rkpSL.jpg,51
52, https://images-na.ssl-images-amazon.com/images/I/51p4CFeea2L.jpg,52
53, https://images-na.ssl-images-amazon.com/images/I/51sZg3GJvbL.jpg,53
54,https://www.progressivepp.com/wp-content/uploads/2019/09/35847594_s.jpg,54
55,https://images-na.ssl-images-amazon.com/images/I/41ygmsmh%2B6L.jpg,55
56, https://images-na.ssl-images-amazon.com/images/I/41uN2T-1pfL.jpg,56
57, https://images-na.ssl-images-amazon.com/images/I/517rh72wk3L.jpg,57
58, https://images-na.ssl-images-amazon.com/images/I/21Rm9ekO4JL.jpg,58
59,https://images-na.ssl-images-amazon.com/images/I/51NMn3rkpSL.jpg,59
60, https://images-na.ssl-images-amazon.com/images/I/51iBwFFCmhL.jpg,60
61, https://images-na.ssl-images-amazon.com/images/I/51iBwFFCmhL.jpg,61
62, https://images-na.ssl-images-amazon.com/images/I/51iBwFFCmhL.jpg,62
63, https://images-na.ssl-images-amazon.com/images/I/51YaoHLWVyL.jpg,63
64, https://images-na.ssl-images-amazon.com/images/I/51ADCpIxscL.jpg,64
65, https://images-na.ssl-images-amazon.com/images/I/51ae0JtYbqL.jpg,65
66, https://images-na.ssl-images-amazon.com/images/I/41mM3XxeNsL.jpg,66
67, https://images-na.ssl-images-amazon.com/images/I/51%2BkOBiQX1L.jpg,67
68, https://images-na.ssl-images-amazon.com/images/I/51vL96XND%2BL.jpg,68
69, https://images-na.ssl-images-amazon.com/images/I/31GsC9tXk3L.jpg ,69
70, https://images-na.ssl-images-amazon.com/images/I/319v3vSO4QL.jpg,70
71, https://images-na.ssl-images-amazon.com/images/I/41cYDWdhkmL.jpg,71
72, https://images-na.ssl-images-amazon.com/images/I/41oV0r8QU5L.jpg ,72
73,https://i5.walmartimages.com/asr/5e9f3662-cab5-4c44-a3d3-1c30e74a73fe.2d2290b90f30388a4218e5da2c3fed50.png?odnHeight=612&odnWidth=612&odnBg=FFFFFF,73
74, https://images-na.ssl-images-amazon.com/images/I/31LDwrdXLtL.jpg,74
75, https://images-na.ssl-images-amazon.com/images/I/41WdfNDMUTL.jpg,75
76,https://m.media-amazon.com/images/I/51m56yN0UzL._AC_.jpg,76
77, https://images-na.ssl-images-amazon.com/images/I/31fvOslgv5L.jpg ,77
78, https://images-na.ssl-images-amazon.com/images/I/41IwgmKmk0L.jpg,78
79, https://images-na.ssl-images-amazon.com/images/I/51JyOXDGJyL.jpg,79
80, https://images-na.ssl-images-amazon.com/images/I/41PJaoWS9zL.jpg,80
81, https://images-na.ssl-images-amazon.com/images/I/51Spa6vQv3L.jpg,81
82, https://images-na.ssl-images-amazon.com/images/I/41TkFJt4jvL.jpg,82
83, https://images-na.ssl-images-amazon.com/images/I/41EaQoUoaNL.jpg,83
84, https://images-na.ssl-images-amazon.com/images/I/41kZBGomEuL.jpg,84
85, https://images-na.ssl-images-amazon.com/images/I/41-nVbdQ%2BmL.jpg,85
86, https://images-na.ssl-images-amazon.com/images/I/419TI3oGDJL.jpg,86
87, https://images-na.ssl-images-amazon.com/images/I/419mYXWhnfL.jpg,87
88, https://images-na.ssl-images-amazon.com/images/I/41PdakjC%2BJL.jpg,88
89,https://images-na.ssl-images-amazon.com/images/I/51d39SumKlL.jpg,44
90,https://images-na.ssl-images-amazon.com/images/I/41HtNoHZhYL.jpg,44
91,https://images-na.ssl-images-amazon.com/images/I/51%2BOOjveUpL.jpg,44
92,https://images-na.ssl-images-amazon.com/images/I/51bxAkXnbML.jpg,44
93,https://images-na.ssl-images-amazon.com/images/I/31PTpZwEY2L.jpg,46
94,https://images-na.ssl-images-amazon.com/images/I/41gnshxSlbL.jpg,46
95,https://images-na.ssl-images-amazon.com/images/I/41YznyWSL7L.jpg,47
96,https://images-na.ssl-images-amazon.com/images/I/51LKUH2KffL.jpg,47
97,https://images-na.ssl-images-amazon.com/images/I/41WnyXNGH0L.jpg,47
98,https://images-na.ssl-images-amazon.com/images/I/51L-u03YhnL.jpg,47
99,https://images-na.ssl-images-amazon.com/images/I/51z5lMAgMRL.jpg,47